Prix,old_price,Type,pays,region,Title,Rating,voyageurs,rooms,bed,bathroom,period_start,period_end
2â€¯920Â â‚¬Â ,6â€¯084Â â‚¬,cottage,Espagne,Madrid,PURE LODGE Ã  Patones de Arriba,"4,97 Â·",9 voyageurs, Â· 3 chambres, Â· 8 lits, Â· 2Â salles de bain,31/07/2024,31/08/2024
1â€¯500Â â‚¬Â ,1â€¯705Â â‚¬,hÃ©bergement,Espagne,TrevÃ©lez,La Casa del Charquillo Ã  TrevÃ©lez,"4,89 Â·",2 voyageurs, Â· 1 chambre, Â· 1 lit, Â· 1Â salle de bain,31/07/2024,31/08/2024
1â€¯968Â â‚¬Â ,3â€¯280Â â‚¬,loft,Espagne,Madrid,Loft confortable avec vue imprenable et excellent emplacement,"4,81 Â·",2 voyageurs, Â· 1 chambre, Â· 1 lit, Â· 1Â salle de bain,31/07/2024,31/08/2024
2â€¯353Â â‚¬Â ,2â€¯870Â â‚¬,loft,Espagne,SÃ©ville,LOFT MODERNE Ã€ SÃ‰VILLE,"4,96 Â·",4 voyageurs, Â· 2 chambres, Â· 3 lits, Â· 1Â salle de bain,31/07/2024,31/08/2024
2â€¯129Â â‚¬Â ,2â€¯505Â â‚¬,appartement,Espagne,Madrid,Studio Ã©lÃ©gant et confortable,"4,83 Â·",2 voyageurs, Â· 1 chambre, Â· 1 lit, Â· 1Â salle de bain,31/07/2024,31/08/2024
1â€¯395Â â‚¬Â ,2â€¯325Â â‚¬,appartement en rÃ©sidence,Espagne,AlbuÃ±ol,"Appartement exclusif avec piscine, superbes vues, Ã  6 km de la plage","4,67 Â·",2 voyageurs, Â· 1 chambre, Â· 2 lits, Â· 1Â salle de bain,31/07/2024,31/08/2024
1â€¯736Â â‚¬Â ,2â€¯170Â â‚¬,hÃ©bergement,Espagne,LanjarÃ³n,Belle et spacieuse maison seigneuriale Ã  LanjarÃ³n.,"4,87 Â·",5 voyageurs, Â· 2 chambres, Â· 4 lits, Â· 1Â salle de bain et 1Â toilette,31/07/2024,31/08/2024
328Â â‚¬Â ,1â€¯312Â â‚¬,cabane,Espagne,Bicorp,Refuge dans la Sierra de Bicorp,"5,0 Â·",13 voyageurs, Â· 1 chambre, Â· 0Â salle de bain,HÃ´te depuis 2Â ans,31/07/2024,31/08/2024
2â€¯047Â â‚¬Â ,2â€¯274Â â‚¬,loft,Espagne,Madrid,"Loft âœ¨confortable ~ 15' vers le centre-ville ðŸš‡ ~ A/C, WiFi","4,86 Â·",4 voyageurs, Â· 2 chambres, Â· 2 lits, Â· 1Â salle de bain,31/07/2024,31/08/2024
2â€¯635Â â‚¬Â ,7â€¯750Â â‚¬,appartement,Espagne,ValÃ¨ncia,"Super LOFT, PISCINE+TERRASSE+BILLARD+WIFI","4,72 Â·",3 voyageurs, Â· 1 chambre, Â· 1 lit, Â· 1Â salle de bain,31/07/2024,31/08/2024
1â€¯592Â â‚¬Â ,3â€¯184Â â‚¬,loft,Espagne,SÃ©ville,"Designer, studio de style industriel","4,83 Â·",2 voyageurs, Â· Studio, Â· 1 lit, Â· 1Â salle de bain,31/07/2024,31/08/2024
1â€¯028Â â‚¬Â ,1â€¯285Â â‚¬,Tiny house,Espagne,Murcie,Minicasa Ã  5 min de Murcie avec Terrasse privÃ©e,"4,90 Â·",2 voyageurs, Â· 1 chambre, Â· 1Â salle de bain,SuperhÃ´te,31/07/2024,31/08/2024
1â€¯720Â â‚¬Â ,2â€¯150Â â‚¬,appartement,Espagne,Grenade,Bel appartement dans l'Albayzin,"4,84 Â·",4 voyageurs, Â· 2 chambres, Â· 1Â salle de bain,SuperhÃ´te,31/07/2024,31/08/2024
1â€¯871Â â‚¬Â ,2â€¯495Â â‚¬,appartement,Espagne,Madrid,"Studio AntÃ³n MartÃ­n, 20 m Â² , canapÃ©-lit,","4,81 Â·",3 voyageurs, Â· Studio, Â· 1Â salle de bain,HÃ´te depuis 7Â ans,31/07/2024,31/08/2024
3â€¯341Â â‚¬Â ,3â€¯930Â â‚¬,appartement,Espagne,Malaga,Malagajara Sky - Appartement mansardÃ© sous le ciel de Malaga,"4,86 Â·",3 voyageurs, Â· 1 chambre, Â· 1 lit, Â· 1Â salle de bain,31/07/2024,31/08/2024
1â€¯802Â â‚¬Â ,2â€¯815Â â‚¬,loft,Espagne,Madrid,"LOFT CHIC Pza. Commode, MalasaÃ±a/Comte Duque","4,85 Â·",2 voyageurs, Â· 1 chambre, Â· 1 lit, Â· 1Â salle de bain,31/07/2024,31/08/2024
1â€¯200Â â‚¬Â ,2â€¯790Â â‚¬,maison d'hÃ´tes,Espagne,NigÃ¼elas,Cortijo de Amor,"5,0 Â·",2 voyageurs, Â· 1 chambre, Â· 1Â salle de bain,HÃ´te depuis 12Â ans,31/07/2024,31/08/2024
977Â â‚¬Â ,1â€¯395Â â‚¬,Tiny house,Espagne,AlmerÃ­a,Cachot romantique pour 2 en Andalousie rurale,"4,77 Â·",2 voyageurs, Â· 1 lit, Â· 1Â salle de bain,SuperhÃ´te,31/07/2024,31/08/2024
1â€¯649Â â‚¬Â ,2â€¯660Â â‚¬,appartement en rÃ©sidence,Espagne,Madrid,Appartement d'une chambre Ã  MadridÂ !,"4,84 Â·",2 voyageurs, Â· 1 chambre, Â· 1Â salle de bain,HÃ´te depuis 2Â ans,31/07/2024,31/08/2024
1â€¯109Â â‚¬Â ,1â€¯706Â â‚¬,Chambre,Espagne,Madrid,Chambre centre Madrid avec salle de bain privÃ©e-Chueca,"4,91 Â·",1 chambre, Â· Salle de bain privÃ©e attenante,SuperhÃ´te, Â· HÃ´te depuis 2Â ans,31/07/2024,31/08/2024
1â€¯230Â â‚¬Â ,1â€¯640Â â‚¬,logement de vacances,Espagne,Becerril de la Sierra,Luxe dans la Sierra.,"4,82 Â·",2 voyageurs, Â· Studio, Â· 1 lit, Â· 1Â salle de bain,31/07/2024,31/08/2024
1â€¯380Â â‚¬Â ,2â€¯759Â â‚¬,appartement,Espagne,Madrid,La maison de Rosita Ã  MalasaÃ±a,"4,90 Â·",2 voyageurs, Â· 1 chambre, Â· 1 lit, Â· 1Â salle de bain et 1Â toilette,31/07/2024,31/08/2024
2â€¯082Â â‚¬Â ,2â€¯449Â â‚¬,appartement,Espagne,Madrid,"NEW, LAVAPIES. PROVISIONS","4,87 Â·",2 voyageurs, Â· 1 chambre, Â· 1 lit, Â· 1Â salle de bain et 1Â toilette,31/07/2024,31/08/2024
2â€¯954Â â‚¬Â ,4â€¯544Â â‚¬,appartement en rÃ©sidence,Espagne,BenalmÃ¡dena,Appartement Eurogolf Dana I,"4,83 Â·",3 voyageurs, Â· 1 chambre, Â· 2 lits, Â· 1Â salle de bain,31/07/2024,31/08/2024
2â€¯768Â â‚¬Â ,3â€¯690Â â‚¬,appartement,Espagne,Madrid,"Confortable,central,touristique et calme","4,86 Â·",2 voyageurs, Â· 1 chambre, Â· 1 lit, Â· 1Â salle de bain,31/07/2024,31/08/2024
2â€¯400Â â‚¬Â ,3â€¯429Â â‚¬,appartement,Espagne,Madrid,Magnifique studio trÃ¨s confortable et lumineux.,"4,82 Â·",4 voyageurs, Â· Studio, Â· 2 lits, Â· 1Â salle de bain,31/07/2024,31/08/2024
1â€¯467Â â‚¬Â ,2â€¯574Â â‚¬,Tiny house,Espagne,Madrid,Micro-maison avec jardin indÃ©pendant,"4,88 Â·",2 voyageurs, Â· 2 lits, Â· 1Â salle de bain,SuperhÃ´te,31/07/2024,31/08/2024
1â€¯547Â â‚¬Â ,2â€¯275Â â‚¬,appartement,Espagne,Madrid,Studio sous le toit dans le Â«Â vieuxÂ Â» Madrid,"4,92 Â·",2 voyageurs, Â· Studio, Â· 1 lit, Â· 1Â salle de bain,31/07/2024,31/08/2024
1â€¯736Â â‚¬Â ,2â€¯480Â â‚¬,loft,Espagne,Madrid,Loft moderne au cÅ“ur de Madrid,"4,88 Â·",3 voyageurs, Â· 1 chambre, Â· 1Â salle de bain,SuperhÃ´te,31/07/2024,31/08/2024
1â€¯473Â â‚¬Â ,2â€¯894Â â‚¬,appartement,Espagne,Madrid,Appartement confortable dans le quartier de Salamanque,"4,21 Â·",2 voyageurs, Â· 1 chambre, Â· 1 lit, Â· 1Â salle de bain,31/07/2024,31/08/2024
1â€¯953Â â‚¬Â ,2â€¯170Â â‚¬,appartement,Espagne,Madrid,STUDIO Ã€ MALASAÃ‘A. DISPONIBLE Ã€ LONG TERME,"5,0 Â·",1 voyageur, Â· Studio, Â· 1 lit, Â· 1Â salle de bain,31/07/2024,31/08/2024
1â€¯730Â â‚¬Â ,2â€¯883Â â‚¬,loft,Espagne,Madrid,Appartement confortable du palais royal,"4,83 Â·",2 voyageurs, Â· 1 chambre, Â· 1 lit, Â· 1Â salle de bain,31/07/2024,31/08/2024
2â€¯049Â â‚¬Â ,3â€¯554Â â‚¬,appartement,Espagne,Madrid,"Sunny apartment, Chueca, Gran VÃ­a. Deux balconsÂ !","5,0 Â·",2 voyageurs, Â· 1 chambre, Â· 1Â salle de bain,SuperhÃ´te,31/07/2024,31/08/2024
2â€¯015Â â‚¬Â ,2â€¯289Â â‚¬,appartement,Espagne,Madrid,Apart. ChamartÃ­n 1,"4,91 Â·",3 voyageurs, Â· 1 chambre, Â· 3 lits, Â· 1Â salle de bain,31/07/2024,31/08/2024
2â€¯161Â â‚¬Â ,2â€¯542Â â‚¬,loft,Espagne,Madrid,Beau loft Ã  Madrid RioÂ !Â !Â !Â !Â !Â !Â !Â !,"4,92 Â·",2 voyageurs, Â· 1 chambre, Â· 1 lit, Â· 1Â salle de bain et 1Â toilette,31/07/2024,31/08/2024
3â€¯472Â â‚¬Â ,4â€¯340Â â‚¬,appartement en rÃ©sidence,Espagne,Nerja,GMMHoliday Apartment Torrecilla Area/ pool,"4,92 Â·",2 voyageurs, Â· 1 chambre, Â· 1 lit, Â· 1Â salle de bain,31/07/2024,31/08/2024
2â€¯463Â â‚¬Â ,2â€¯737Â â‚¬,appartement,Espagne,Madrid,Appartement branchÃ© Ã  Barrio Salamanca (proche de l'IE MBA),"4,92 Â·",2 voyageurs, Â· 1 chambre, Â· 1 lit, Â· 1Â salle de bain,31/07/2024,31/08/2024
2â€¯015Â â‚¬Â ,2â€¯289Â â‚¬,appartement,Espagne,Madrid,Apart. ChamartÃ­n 1.1,"4,93 Â·",3 voyageurs, Â· 1 chambre, Â· 3 lits, Â· 1Â salle de bain,31/07/2024,31/08/2024
2â€¯919Â â‚¬Â ,3â€¯695Â â‚¬,appartement,Espagne,BenalmÃ¡dena,"B enalmadena costa, promenade","4,67 Â·",3 voyageurs, Â· Studio, Â· 3 lits, Â· 1Â salle de bain,31/07/2024,31/08/2024
2â€¯177Â â‚¬Â ,3â€¯110Â â‚¬,appartement,Espagne,Madrid,MalasaÃ±a - Centre ville de Madrid,"4,91 Â·",2 voyageurs, Â· 1 chambre, Â· 1 lit, Â· 1Â salle de bain,31/07/2024,31/08/2024
2â€¯232Â â‚¬Â ,3â€¯720Â â‚¬,appartement,Espagne,Madrid,Appartement neuf et confortable dans la vieille ville,"4,97 Â·",4 voyageurs, Â· 1 chambre, Â· 2 lits, Â· 2Â salles de bain,31/07/2024,31/08/2024
1â€¯649Â â‚¬Â ,2â€¯998Â â‚¬,appartement,Espagne,Grenade,Las Rejas Suite Granada CENTRE..Â !Â !Â !,"4,91 Â·",4 voyageurs, Â· 2 chambres, Â· 3 lits, Â· 1Â salle de bain,31/07/2024,31/08/2024
2â€¯444Â â‚¬Â ,2â€¯716Â â‚¬,appartement,Espagne,Madrid,Plaza Mayor bel appartement extÃ©rieur (Calatrava),"5,0 Â·",4 voyageurs, Â· 1 chambre, Â· 2 lits, Â· 1Â salle de bain,31/07/2024,31/08/2024
1â€¯910Â â‚¬Â ,2â€¯728Â â‚¬,suite,Espagne,BenalmÃ¡dena,Boho Country Studio avec vue sur la mer,"4,83 Â·",1 voyageur, Â· 1 chambre, Â· 1 lit, Â· 1Â salle de bain,31/07/2024,31/08/2024
1â€¯612Â â‚¬Â ,2â€¯015Â â‚¬,appartement,Espagne,Madrid,Appartement rÃ©novÃ© Ã  Madrid Rio,"4,68 Â·",2 voyageurs, Â· 1 chambre, Â· 1 lit, Â· 1Â salle de bain,31/07/2024,31/08/2024
2â€¯015Â â‚¬Â ,4â€¯030Â â‚¬,appartement,Espagne,Madrid,Appartement moderne complet quartier cool de Madrid,"5,0 Â·",2 voyageurs, Â· 1 chambre, Â· 1 lit, Â· 1Â salle de bain,31/07/2024,31/08/2024
2â€¯480Â â‚¬Â ,3â€¯100Â â‚¬,appartement,Espagne,Madrid,Bel appartement avec balcon Wifi/climatiseur,"4,90 Â·",4 voyageurs, Â· 1 chambre, Â· 2 lits, Â· 1Â salle de bain,31/07/2024,31/08/2024
1â€¯431Â â‚¬Â ,2â€¯751Â â‚¬,Tiny house,Espagne,Madrid,Chambre d'hÃ´tes avec jardin Ã  Madrid,"4,85 Â·",2 voyageurs, Â· 1 chambre, Â· 2 lits, Â· 1Â salle de bain,31/07/2024,31/08/2024
1â€¯411Â â‚¬Â ,2â€¯170Â â‚¬,loft,Espagne,Madrid,CHAMBRE dans LE LOFT/LE centre-ville.,"4,97 Â·",1 voyageur, Â· 1 chambre, Â· 1 lit, Â· 1Â salle de bain partagÃ©e,31/07/2024,31/08/2024
2â€¯208Â â‚¬Â ,4â€¯014Â â‚¬,cabane,Espagne,Monda,Cabane en bois Â«Â The Luv ShackÂ Â» avec spa Ã  bulles,"4,96 Â·",2 voyageurs, Â· Studio, Â· 3 lits, Â· 1Â salle de bain,31/07/2024,31/08/2024
2â€¯232Â â‚¬Â ,2â€¯790Â â‚¬,appartement,Espagne,Madrid,Magnifique appartement avec piscine Ã  Madrid par SharingCo,"4,14 Â·",2 voyageurs, Â· 1 chambre, Â· 1 lit, Â· 1Â salle de bain,31/07/2024,31/08/2024
1â€¯815Â â‚¬Â ,2â€¯630Â â‚¬,appartement,Espagne,Madrid,Appartement au Â«Â VieuxÂ Â» Madrid des Autrichiens II,"5,0 Â·",2 voyageurs, Â· 1 chambre, Â· 1 lit, Â· 1Â salle de bain,31/07/2024,31/08/2024
2â€¯251Â â‚¬Â ,3â€¯751Â â‚¬,appartement,Espagne,Madrid,Appartement rÃ©cemment rÃ©novÃ© Ã  Barrio las Letras,"4,96 Â·",3 voyageurs, Â· 1 chambre, Â· 2 lits, Â· 1Â salle de bain,31/07/2024,31/08/2024
615Â â‚¬Â ,961Â â‚¬,Chambre,Espagne,Madrid,Chambre dans une jolie maison Santa Rosa Street Madrid,"4,86 Â·",1 lit double, Â· Salle de bain partagÃ©e,SuperhÃ´te, Â· HÃ´te depuis 11Â ans,31/07/2024,31/08/2024
615Â â‚¬Â ,961Â â‚¬,Chambre,Espagne,Madrid,Chambre dans une jolie maison Santa Rosa Street Madrid,"4,86 Â·",1 lit double, Â· Salle de bain partagÃ©e,SuperhÃ´te, Â· HÃ´te depuis 11Â ans,31/07/2024,31/08/2024
2â€¯907Â â‚¬Â ,3â€¯230Â â‚¬,loft,Espagne,Barcelone,Loft exceptionnel dans un emplacement de premier plan Ã  Barcelone,"4,91 Â·",2 voyageurs, Â· 1 chambre, Â· 1 lit, Â· 1Â salle de bain,31/07/2024,31/08/2024
606Â â‚¬Â ,1â€¯595Â â‚¬,Chambre,Espagne,El Escorial,"Exotique, Wifi, chaleur, votre salle de bain, parc national.","4,91 Â·",1 lit queen size, Â· Salle de bain privÃ©e attenante,SuperhÃ´te, Â· HÃ´te depuis 8Â ans,31/07/2024,31/08/2024
2â€¯711Â â‚¬Â ,4â€¯170Â â‚¬,appartement,Espagne,Madrid,Malaisie: Appartement 2BD incroyable et extrÃªmement central,"4,85 Â·",4 voyageurs, Â· 2 chambres, Â· 2 lits, Â· 1Â salle de bain et 1Â toilette,31/07/2024,31/08/2024
705Â â‚¬Â ,1â€¯085Â â‚¬,Chambre,Espagne,Madrid,Chambre simple dans le logement de l'hÃ´te,"4,93 Â·",1 lit simple, Â· Salle de bain privÃ©e attenante,SuperhÃ´te, Â· HÃ´te depuis 3Â ans,31/07/2024,31/08/2024
930Â â‚¬Â ,1â€¯860Â â‚¬,Chambre,Espagne,Madrid,Suite avec salle de bain privÃ©e/ Madrid,"4,87 Â·",1 lit double, Â· Salle de bain privÃ©e attenante,SuperhÃ´te, Â· HÃ´te depuis 8Â ans,31/07/2024,31/08/2024
930Â â‚¬Â ,1â€¯860Â â‚¬,Chambre,Espagne,Madrid,Suite avec salle de bain privÃ©e/ Madrid,"4,87 Â·",1 lit double, Â· Salle de bain privÃ©e attenante,SuperhÃ´te, Â· HÃ´te depuis 8Â ans,31/07/2024,31/08/2024
2â€¯044Â â‚¬Â ,2â€¯271Â â‚¬,loft,Espagne,Madrid,"ðŸ”†Joli loft~ 15' vers le centre-ville ðŸš‡ ~ A/C, WIFI","4,89 Â·",4 voyageurs, Â· 2 chambres, Â· 2 lits, Â· 1Â salle de bain,31/07/2024,31/08/2024
1â€¯240Â â‚¬Â ,1â€¯550Â â‚¬,hÃ©bergement,Espagne,Gualchos,Louez une maison entre l'Alpujarra et la plage,"4,73 Â·",4 voyageurs, Â· 3 chambres, Â· 3 lits, Â· 1Â salle de bain,31/07/2024,31/08/2024
1â€¯643Â â‚¬Â ,2â€¯785Â â‚¬,appartement,Espagne,Algeciras,Appartement confortable entier. LumiÃ¨re et vue.,"5,0 Â·",3 voyageurs, Â· 2 chambres, Â· 2 lits, Â· 1Â salle de bain et 1Â toilette,31/07/2024,31/08/2024
651Â â‚¬Â ,868Â â‚¬,Chambre,Espagne,Grenade,Chambre privÃ©e avec lit de 160cm,"4,85 Â·",1 lit queen size, Â· Salle de bain partagÃ©e,SuperhÃ´te, Â· HÃ´te depuis 6Â ans,31/07/2024,31/08/2024
1â€¯224Â â‚¬Â ,2â€¯040Â â‚¬,loft,Espagne,Grenade,"Rincon de Luz, Studio Apt. Terrasse privÃ©e Grenade","4,84 Â·",2 voyageurs, Â· 1 chambre, Â· 1 lit, Â· 1Â salle de bain,31/07/2024,31/08/2024
632Â â‚¬Â ,916Â â‚¬,Chambre,Espagne,San Juan de Aznalfarache,3. Grande chambre proche du centre-ville (15 min mÃ©tro),"4,86 Â·",1 lit double, Â· Salle de bain partagÃ©e,SuperhÃ´te, Â· HÃ´te depuis 7Â ans,31/07/2024,31/08/2024
2â€¯065Â â‚¬Â ,2â€¯294Â â‚¬,appartement en rÃ©sidence,Espagne,Calldetenes,appartement calme avec terrasse,"4,88 Â·",4 voyageurs, Â· 2 chambres, Â· 3 lits, Â· 1Â salle de bain,31/07/2024,31/08/2024
2â€¯112Â â‚¬Â ,2â€¯575Â â‚¬,appartement,Espagne,Madrid,Magnifique appartement Ã  ChambÃ©rÃ­ (DONOSO),"4,88 Â·",2 voyageurs, Â· 1 chambre, Â· 1 lit, Â· 1Â salle de bain,31/07/2024,31/08/2024
670Â â‚¬Â ,837Â â‚¬,Chambre,Espagne,La Corogne,Chambre double + terrasse privÃ©e + plage Ã  proximitÃ©,"4,82 Â·",1 chambre, Â· Salle de bain partagÃ©e,SuperhÃ´te, Â· HÃ´te depuis 9Â ans,31/07/2024,31/08/2024
2â€¯232Â â‚¬Â ,2â€¯790Â â‚¬,appartement,Espagne,Madrid,Appartement charmant Ã  Madrid,"4,50 Â·",2 voyageurs, Â· 1 chambre, Â· 1 lit, Â· 1Â salle de bain,31/07/2024,31/08/2024
1â€¯684Â â‚¬Â ,2â€¯054Â â‚¬,appartement,Espagne,Madrid,Appartement Ã  Atocha - Madrid,"4,88 Â·",2 voyageurs, Â· 1 chambre, Â· 1 lit, Â· 1Â salle de bain,31/07/2024,31/08/2024
2â€¯730Â â‚¬Â ,4â€¯550Â â‚¬,hÃ©bergement,Espagne,O Barco,Barco de Valdeorras de luxe,"4,85 Â·",2 voyageurs, Â· 1 chambre, Â· 1 lit, Â· 1Â salle de bain,31/07/2024,31/08/2024
2â€¯616Â â‚¬Â ,3â€¯270Â â‚¬,appartement,Espagne,Madrid,Loft de luxe dans la rue Almagro,"4,74 Â·",2 voyageurs, Â· 1 chambre, Â· 2 lits, Â· 1Â salle de bain,31/07/2024,31/08/2024
3â€¯145Â â‚¬Â ,7â€¯670Â â‚¬,appartement,Espagne,Madrid,w * | Moderne 1 chambre au Palacio Real,"5,0 Â·",2 voyageurs, Â· 1 chambre, Â· 1 lit, Â· 1Â salle de bain,31/07/2024,31/08/2024
1â€¯991Â â‚¬Â ,2â€¯342Â â‚¬,appartement,Espagne,Madrid,Appartement de charme Ã  Madrid,"4,89 Â·",4 voyageurs, Â· 1 chambre, Â· 2 lits, Â· 1Â salle de bain,31/07/2024,31/08/2024
2â€¯651Â â‚¬Â ,2â€¯945Â â‚¬,appartement,Espagne,Madrid,Superbe appartement flambant neuf - Apt. Et,"5,0 Â·",4 voyageurs, Â· 1 chambre, Â· 1 lit, Â· 1Â salle de bain,31/07/2024,31/08/2024
1â€¯958Â â‚¬Â ,2â€¯175Â â‚¬,appartement,Espagne,Madrid,Appartement Ã©lÃ©gant et chaleureux au cÅ“ur de Madrid,"4,83 Â·",2 voyageurs, Â· 1 chambre, Â· 1 lit, Â· 1Â salle de bain,31/07/2024,31/08/2024
2â€¯170Â â‚¬Â ,4â€¯340Â â‚¬,appartement,Espagne,Madrid,Appartement incroyable Ã  deux pas de Gran ViaÂ ! 45,"4,60 Â·",4 voyageurs, Â· 1 chambre, Â· 1Â salle de bain,SuperhÃ´te,31/07/2024,31/08/2024
1â€¯725Â â‚¬Â ,3â€¯195Â â‚¬,appartement,Espagne,Madrid,Superbe design et nouveau appartement Ã  MalasaÃ±a,"4,87 Â·",2 voyageurs, Â· 1 chambre, Â· 1 lit, Â· 1Â salle de bain,31/07/2024,31/08/2024
3â€¯021Â â‚¬Â ,4â€¯082Â â‚¬,appartement en rÃ©sidence,Espagne,Estepona,Estepona Sea View Apartment,"5,0 Â·",2 voyageurs, Â· 1 chambre, Â· 1 lit, Â· 1Â salle de bain et 1Â toilette,31/07/2024,31/08/2024
1â€¯931Â â‚¬Â ,2â€¯782Â â‚¬,appartement,Espagne,Madrid,APPARTEMENT DESIGN EN CENTRE-VILLE AVEC PATIO,"4,62 Â·",4 voyageurs, Â· 1 chambre, Â· 2 lits, Â· 1Â salle de bain,31/07/2024,31/08/2024
2â€¯209Â â‚¬Â ,2â€¯945Â â‚¬,appartement,Espagne,Madrid,Appartement 1BR chic et Ã©lÃ©gant | CENTRE,"4,85 Â·",2 voyageurs, Â· 1 chambre, Â· 2 lits, Â· 1Â salle de bain,31/07/2024,31/08/2024
1â€¯166Â â‚¬Â ,1â€¯457Â â‚¬,Tiny house,Espagne,Azuqueca de Henares,"Studio de 12,5 mÂ²","4,75 Â·",2 voyageurs, Â· 1 chambre, Â· 1 lit, Â· 1Â salle de bain,31/07/2024,31/08/2024
830Â â‚¬Â ,1â€¯037Â â‚¬,Chambre,Espagne,Sevilla la Nueva,Chambre spacieuse prÃ¨s de l'UniversitÃ© europÃ©enne,"5,0 Â·",1 chambre, Â· Salle de bain partagÃ©e,SuperhÃ´te, Â· HÃ´te depuis 5Â ans,31/07/2024,31/08/2024
3â€¯456Â â‚¬Â ,4â€¯320Â â‚¬,appartement,Espagne,Madrid,Location confortable de 3 chambres Ã  coucher Ã  Malasana,"4,71 Â·",6 voyageurs, Â· 3 chambres, Â· 4 lits, Â· 1Â salle de bain,31/07/2024,31/08/2024
2â€¯328Â â‚¬Â ,2â€¯839Â â‚¬,appartement en rÃ©sidence,Espagne,Madrid,Studio lumineux et spacieux Gran Via / OpÃ©ra,"5,0 Â·",2 voyageurs, Â· 1 chambre, Â· 2 lits, Â· 1Â salle de bain,31/07/2024,31/08/2024
2â€¯283Â â‚¬Â ,3â€¯044Â â‚¬,appartement,Espagne,Madrid,Loft Ã©lÃ©gant avec terrasse dans le quartier artistique de Madrid,"5,0 Â·",4 voyageurs, Â· 1 chambre, Â· 2 lits, Â· 1Â salle de bain,31/07/2024,31/08/2024
2â€¯103Â â‚¬Â ,2â€¯337Â â‚¬,appartement,Espagne,Madrid,Appartement Ã©lÃ©gant exclusif IE Business School,"5,0 Â·",3 voyageurs, Â· 1 chambre, Â· 2 lits, Â· 1Â salle de bain,31/07/2024,31/08/2024
1â€¯459Â â‚¬Â ,1â€¯824Â â‚¬,appartement,Espagne,Bormujos,Appartement avec piscine 10 min de SÃ©ville. Parking,"4,53 Â·",3 voyageurs, Â· 1 chambre, Â· 3 lits, Â· 1Â salle de bain,31/07/2024,31/08/2024
3â€¯333Â â‚¬Â ,6â€¯665Â â‚¬,appartement,Espagne,Palma de Majorque,"PropriÃ©tÃ© de luxe, ville ancienne Ã  Palma","4,93 Â·",2 voyageurs, Â· 1 chambre, Â· 2 lits, Â· 1Â salle de bain,31/07/2024,31/08/2024
1â€¯562Â â‚¬Â ,3â€¯470Â â‚¬,appartement,Espagne,Madrid,Appartement complet avec place de parking gratuiteÂ !,"4,80 Â·",4 voyageurs, Â· 1 chambre, Â· 3 lits, Â· 1Â salle de bain,31/07/2024,31/08/2024
453Â â‚¬Â ,620Â â‚¬,Chambre,Espagne,Miguelturra,"Maison chaleureuse en dÃ©veloppement, parking gratuit.","5,0 Â·",2 lits simples, Â· Salle de bain partagÃ©e,SuperhÃ´te, Â· HÃ´te depuis 2Â ans,31/07/2024,31/08/2024
606Â â‚¬Â ,713Â â‚¬,Chambre,Espagne,Espinardo,3 Chambre double Ã  quelques pas de l'UMU.,"4,86 Â·",1 lit queen size, Â· Salle de bain partagÃ©e,SuperhÃ´te, Â· HÃ´te depuis 8Â ans,31/07/2024,31/08/2024
744Â â‚¬Â ,930Â â‚¬,Chambre,Espagne,Madrid,Chambre simple Ã  20 minutes de l'aÃ©roport,"4,60 Â·",1 lit simple, Â· Salle de bain partagÃ©e,SuperhÃ´te, Â· HÃ´te depuis 2Â ans,31/07/2024,31/08/2024
1â€¯968Â â‚¬Â ,3â€¯280Â â‚¬,appartement en rÃ©sidence,Espagne,Madrid,"Appartement spacieux, avec parking privÃ© et mÃ©tro Ã  1 min.","4,80 Â·",6 voyageurs, Â· 2 chambres, Â· 4 lits, Â· 1Â salle de bain et 1Â toilette,31/07/2024,31/08/2024
1â€¯289Â â‚¬Â ,2â€¯865Â â‚¬,Chambre,Espagne,Madrid,Vue sur le jardin avec styleÂ ; Salle de bain privÃ©eÂ ; PrÃ¨s de l'IE,"4,93 Â·",1 lit queen size, Â· Salle de bain privÃ©e attenante,SuperhÃ´te, Â· HÃ´te depuis 5Â ans,31/07/2024,31/08/2024
741Â â‚¬Â ,926Â â‚¬,Chambre,Espagne,Madrid,"Chambre simple, Ã  l'Ã©tage neuf et lumineux","4,96 Â·",1 lit, Â· Salle de bain partagÃ©e,SuperhÃ´te, Â· HÃ´te depuis 3Â ans,31/07/2024,31/08/2024
1â€¯184Â â‚¬Â ,2â€¯367Â â‚¬,appartement,Espagne,Plasencia,Puerta Trujillo Bajo Appartement de Tourisme,"4,82 Â·",2 voyageurs, Â· 1 chambre, Â· 1 lit, Â· 1Â salle de bain,31/07/2024,31/08/2024
868Â â‚¬Â ,1â€¯085Â â‚¬,Chambre,Espagne,Madrid,Chambre avec une salle d'eau privÃ©e.,"4,90 Â·",1 lit double, Â· Salle de bain privÃ©e attenante,SuperhÃ´te, Â· HÃ´te depuis 5Â ans,31/07/2024,31/08/2024
1â€¯149Â â‚¬Â ,2â€¯945Â â‚¬,appartement,Espagne,DÃ­lar,"Spacieux, avec vue sur la Sierra. Dilar. Grenade. Ap3","4,66 Â·",4 voyageurs, Â· 1 chambre, Â· 2 lits, Â· 1Â salle de bain,31/07/2024,31/08/2024
816Â â‚¬Â ,1â€¯020Â â‚¬,Chambre,Espagne,Grenade,Chambre Ã  l'Albaycin,"4,87 Â·",2 lits simples, Â· Salle de bain partagÃ©e,SuperhÃ´te, Â· HÃ´te depuis 5Â ans,31/07/2024,31/08/2024
587Â â‚¬Â ,691Â â‚¬,Chambre,Espagne,Espinardo,1 Chambre Ã  quelques pas de l'UMU.,"4,81 Â·",1 lit double, Â· Salle de bain partagÃ©e,SuperhÃ´te, Â· HÃ´te depuis 8Â ans,31/07/2024,31/08/2024
521Â â‚¬Â ,744Â â‚¬,rÃ©sidence de tourisme,Espagne,San Lorenzo de El Escorial,Chambre Sunset,"4,79 Â·",2 voyageurs, Â· 1 chambre, Â· 1 lit, Â· 1Â salle de bain partagÃ©e,31/07/2024,31/08/2024
1â€¯469Â â‚¬Â ,3â€¯193Â â‚¬,Chambre,Espagne,Barcelone,Belle chambre centrale dans l'Eixample,"4,93 Â·",1 lit double, Â· Salle de bain partagÃ©e,SuperhÃ´te, Â· HÃ´te depuis 8Â ans,31/07/2024,31/08/2024
597Â â‚¬Â ,1â€¯085Â â‚¬,Chambre,Espagne,Camarma de Esteruelas,Chambre dans Penthouse rustique avec salle de bain privÃ©e,"4,93 Â·",1 lit queen size, Â· Salle de bain privÃ©e attenante,SuperhÃ´te, Â· HÃ´te depuis 8Â ans,31/07/2024,31/08/2024
605Â â‚¬Â ,806Â â‚¬,Chambre,Espagne,Grenade,Chambre privÃ©e avec balcon lumineux,"4,76 Â·",1 lit queen size, Â· Salle de bain partagÃ©e,SuperhÃ´te, Â· HÃ´te depuis 6Â ans,31/07/2024,31/08/2024
1â€¯587Â â‚¬Â ,3â€¯173Â â‚¬,hÃ©bergement,Espagne,Grenade,Loft de luxe de l'Alhambra,"4,71 Â·",2 voyageurs, Â· 1 chambre, Â· 1 lit, Â· 1Â salle de bain,31/07/2024,31/08/2024
515Â â‚¬Â ,793Â â‚¬,Chambre,Espagne,Murcie,Chambre rÃ©novÃ©e rÃ©cemment zone UniversitÃ©,"4,83 Â·",1 lit, Â· Salle de bain partagÃ©e,SuperhÃ´te, Â· HÃ´te depuis 4Â ans,31/07/2024,31/08/2024
1â€¯130Â â‚¬Â ,1â€¯949Â â‚¬,appartement,Espagne,LeÃ³n,3A-Guzmanes,"4,75 Â·",2 voyageurs, Â· 1 chambre, Â· 1 lit, Â· 1Â salle de bain,31/07/2024,31/08/2024
1â€¯135Â â‚¬Â ,1â€¯860Â â‚¬,rÃ©sidence de tourisme,Espagne,Grenade,Centre historique de charme,"4,77 Â·",2 voyageurs, Â· 1 chambre, Â· 2 lits, Â· 1Â salle de bain,31/07/2024,31/08/2024
1â€¯519Â â‚¬Â ,1â€¯899Â â‚¬,appartement,Espagne,Madrid,New Loft I P.Comillas M.Vadillo,"4,33 Â·",3 voyageurs, Â· 1 chambre, Â· 1 lit, Â· 1Â salle de bain,31/07/2024,31/08/2024
1â€¯375Â â‚¬Â ,1â€¯657Â â‚¬,appartement,Espagne,CÃ³mpeta,Studio ensoleillÃ© avec toit-terrasse Ã  la Snakes 'House,"4,67 Â·",2 voyageurs, Â· Studio, Â· 1 lit, Â· 1Â salle de bain,31/07/2024,31/08/2024
620Â â‚¬Â ,775Â â‚¬,Chambre,Belgique,Bruxelles,Chambre,"4,86 Â·",1 lit, Â· Salle de bain partagÃ©e,SuperhÃ´te, Â· HÃ´te depuis 10Â ans,31/07/2024,31/08/2024
774Â â‚¬Â ,2â€¯150Â â‚¬,loft,Belgique,Aywaille,Studio lumineux avec SDB privÃ©e et cuisine Ã©quipÃ©e,"4,59 Â·",2 voyageurs, Â· 1 chambre, Â· 1 lit, Â· 1Â salle de bain et 1Â toilette,31/07/2024,31/08/2024
918Â â‚¬Â ,2â€¯415Â â‚¬,appartement,Belgique,LiÃ¨ge,"Studio 'La Meuse', dans une nouvelle construction","4,94 Â·",2 voyageurs, Â· 1 chambre, Â· 1 lit, Â· 1Â salle de bain,31/07/2024,31/08/2024
632Â â‚¬Â ,1â€¯240Â â‚¬,Chambre,Belgique,Wavre,Linda 's bed and breakfast,"5,0 Â·",1 lit double, Â· Salle de bain privÃ©e,SuperhÃ´te, Â· HÃ´te depuis 1Â an,31/07/2024,31/08/2024
818Â â‚¬Â ,1â€¯740Â â‚¬,loft,Belgique,Bassenge,Studio entre LiÃ¨ge - Maastricht,"4,82 Â·",2 voyageurs, Â· 1 chambre, Â· 1Â salle de bain,HÃ´te depuis 3Â ans,31/07/2024,31/08/2024
1â€¯091Â â‚¬Â ,3â€¯410Â â‚¬,hÃ©bergement,Belgique,Cerfontaine,Tienne d'El goÃ«tte,"5,0 Â·",4 voyageurs, Â· 2 chambres, Â· 3 lits, Â· 1Â salle de bain,31/07/2024,31/08/2024
818Â â‚¬Â ,1â€¯023Â â‚¬,Chambre,Belgique,Anvers,Chambre spacieuse Ã  cÃ´tÃ© de la gare centrale d'Anvers,"4,88 Â·",1 lit simple, Â· Salle de bain partagÃ©e,SuperhÃ´te, Â· HÃ´te depuis 5Â ans,31/07/2024,31/08/2024
967Â â‚¬Â ,2â€¯418Â â‚¬,maison d'hÃ´tes,Belgique,Moerbeke,Studio au calme situÃ© dans un centre,"4,90 Â·",3 voyageurs, Â· Studio, Â· 2 lits, Â· 1Â salle de bain et 1Â toilette,31/07/2024,31/08/2024
1â€¯370Â â‚¬Â ,4â€¯030Â â‚¬,appartement,Belgique,Esneux,Apparemment cosy 2 personnes,"5,0 Â·",2 voyageurs, Â· 1 chambre, Â· 1 lit, Â· 1Â salle de bain,31/07/2024,31/08/2024
1â€¯596Â â‚¬Â ,2â€¯280Â â‚¬,appartement,Belgique,Etterbeek,Application moderne au rez-de-chaussÃ©e 1BR dans le quartier de l'UE,"4,81 Â·",2 voyageurs, Â· 1 chambre, Â· 1 lit, Â· 1Â salle de bain,31/07/2024,31/08/2024
1â€¯204Â â‚¬Â ,1â€¯720Â â‚¬,appartement,Belgique,Grez-Doiceau,"Appt 1ch 40mÂ², proche LLN/ GSK/ IBA/ UCLouvain","4,77 Â·",2 voyageurs, Â· 1 chambre, Â· 1 lit, Â· 1Â salle de bain,31/07/2024,31/08/2024
1â€¯285Â â‚¬Â ,2â€¯570Â â‚¬,appartement en rÃ©sidence,Belgique,Anvers,Appartement sur le toit lumineux et confortable Ã  Anvers-Nord,"4,93 Â·",2 voyageurs, Â· 1 chambre, Â· 1 lit, Â· 1Â salle de bain,31/07/2024,31/08/2024
1â€¯027Â â‚¬Â ,2â€¯283Â â‚¬,suite,Belgique,Tournai,L'annexe Rumilies,"4,81 Â·",2 voyageurs, Â· 1 chambre, Â· 1Â salle de bain,SuperhÃ´te,31/07/2024,31/08/2024
1â€¯550Â â‚¬Â ,3â€¯100Â â‚¬,hÃ©bergement,Belgique,Graven,Adorable maisonnette dans un cadre verdoyant,"4,92 Â·",4 voyageurs, Â· 2 chambres, Â· 2 lits, Â· 1Â salle de bain,31/07/2024,31/08/2024
1â€¯027Â â‚¬Â ,2â€¯283Â â‚¬,suite,Belgique,Tournai,L'annexe Rumilies,"4,81 Â·",2 voyageurs, Â· 1 chambre, Â· 1Â salle de bain,SuperhÃ´te,31/07/2024,31/08/2024
1â€¯283Â â‚¬Â ,2â€¯139Â â‚¬,maison d'hÃ´tes,Belgique,Bertem,Studio calme Ã  la campagne avec un bon wifi.,"4,88 Â·",2 voyageurs, Â· Studio, Â· 1 lit, Â· 1Â salle de bain et 1Â toilette,31/07/2024,31/08/2024
1â€¯133Â â‚¬Â ,2â€¯060Â â‚¬,appartement,Belgique,Walhain,Charmant triplex- 1 chambre et 1 parking.,"5,0 Â·",2 voyageurs, Â· 1 chambre, Â· 2 lits, Â· 1Â salle de bain,31/07/2024,31/08/2024
1â€¯209Â â‚¬Â ,2â€¯015Â â‚¬,loft,Belgique,Mont-Saint-Guibert,Petit Studio Cosy,"4,90 Â·",2 voyageurs, Â· Studio, Â· 2 lits, Â· 1Â salle de bain,31/07/2024,31/08/2024
922Â â‚¬Â ,1â€¯153Â â‚¬,Chambre,Belgique,Kortrijk,Chambre avec salle de bain privÃ©e dans le centre de Kortrijk,"4,91 Â·",1 lit queen size, Â· Salle de bain privÃ©e,SuperhÃ´te, Â· HÃ´te depuis 1Â an,31/07/2024,31/08/2024
817Â â‚¬Â ,1â€¯151Â â‚¬,appartement,Belgique,Anvers,STUDIO confortable privÃ©.,"4,60 Â·",2 voyageurs, Â· 1 chambre, Â· 1 lit, Â· 1Â salle de bain,31/07/2024,31/08/2024
977Â â‚¬Â ,1â€¯395Â â‚¬,appartement,Belgique,Maaseik,Studio Lennox entiÃ¨rement meublÃ©,"5,0 Â·",1 voyageur, Â· 1 chambre, Â· 1 lit, Â· 1Â salle de bain,31/07/2024,31/08/2024
698Â â‚¬Â ,1â€¯550Â â‚¬,chambre d'hÃ´tes,Belgique,La Hulpe,Chambre dans un cadre de verdure,"5,0 Â·",1 voyageur, Â· 1 chambre, Â· 1 lit, Â· 1Â salle de bain privÃ©e,31/07/2024,31/08/2024
701Â â‚¬Â ,1â€¯130Â â‚¬,hÃ©bergement,Belgique,LiÃ¨ge,Saint LÃ©onard ChampÃªtre,"4,73 Â·",3 voyageurs, Â· 1 chambre, Â· 2 lits, Â· 1Â salle de bain,31/07/2024,31/08/2024
977Â â‚¬Â ,2â€¯790Â â‚¬,maison d'hÃ´tes,Belgique,Gand,"Box in a Box (Cube) - un cadeau rural, ouvrez-leÂ !","4,50 Â·",2 voyageurs, Â· 1 chambre, Â· 1 lit, Â· 1Â salle de bain,31/07/2024,31/08/2024
1â€¯502Â â‚¬Â ,2â€¯945Â â‚¬,appartement en rÃ©sidence,Belgique,Anvers,Appartement magnifiquement fini et entiÃ¨rement Ã©quipÃ©,"4,86 Â·",2 voyageurs, Â· 1 chambre, Â· 1Â salle de bain,SuperhÃ´te,31/07/2024,31/08/2024
781Â â‚¬Â ,1â€¯302Â â‚¬,Chambre,Belgique,Seraing,Studio indÃ©pendant avec jardin,"4,79 Â·",1 lit, Â· Salle de bain partagÃ©e,SuperhÃ´te, Â· HÃ´te depuis 1Â an,31/07/2024,31/08/2024
1â€¯215Â â‚¬Â ,1â€¯519Â â‚¬,appartement,Belgique,Asse,Appartement d'une chambre dans une ferme rÃ©novÃ©e,"4,71 Â·",2 voyageurs, Â· 1 chambre, Â· 1 lit, Â· 1Â salle de bain et 1Â toilette,31/07/2024,31/08/2024
1â€¯085Â â‚¬Â ,2â€¯170Â â‚¬,appartement,Belgique,Marche-en-Famenne,Entre Marche et Rochefort,"4,68 Â·",2 voyageurs, Â· 1 chambre, Â· 1 lit, Â· 1Â salle de bain,31/07/2024,31/08/2024
1â€¯100Â â‚¬Â ,1â€¯467Â â‚¬,appartement,Belgique,Incourt,Duplex villageois,"4,80 Â·",2 voyageurs, Â· 1 chambre, Â· 1 lit, Â· 1Â salle de bain,31/07/2024,31/08/2024
1â€¯274Â â‚¬Â ,1â€¯795Â â‚¬,appartement,Belgique,Braives,Cocooning au moulin de Velupont,"4,94 Â·",2 voyageurs, Â· 1 chambre, Â· 1 lit, Â· 1Â salle de bain,31/07/2024,31/08/2024
1â€¯150Â â‚¬Â ,1â€¯438Â â‚¬,appartement,Belgique,Wavre,"studio lumineux , au calme et dans la verdure","4,88 Â·",1 voyageur, Â· 1 chambre, Â· 1 lit, Â· 1Â salle de bain,31/07/2024,31/08/2024
846Â â‚¬Â ,1â€¯209Â â‚¬,appartement,Belgique,Mons,Studio au cÅ“ur de Mons,"4,86 Â·",3 voyageurs, Â· 1 chambre, Â· 1Â salle de bain,HÃ´te depuis 10Â ans,31/07/2024,31/08/2024
856Â â‚¬Â ,1â€¯556Â â‚¬,appartement,Belgique,Aiseau-Presles,Studio - indÃ©pendant,"4,73 Â·",3 voyageurs, Â· 1 chambre, Â· 1 lit, Â· 1Â salle de bain,31/07/2024,31/08/2024
907Â â‚¬Â ,1â€¯395Â â‚¬,suite,Belgique,LiÃ¨ge,"1 Ã©tage Appartement 40 m2 . bus 48 , 1, 4 ,25 ,","4,59 Â·",2 voyageurs, Â· 2 chambres, Â· 1 lit, Â· 1Â salle de bain,31/07/2024,31/08/2024
1â€¯325Â â‚¬Â ,2â€¯945Â â‚¬,appartement en rÃ©sidence,Belgique,Etterbeek,"Bel appartement Ã  Etterbeek, Ã©lÃ©gant et confortable","5,0 Â·",2 voyageurs, Â· 1 chambre, Â· 1 lit, Â· 1Â salle de bain,31/07/2024,31/08/2024
1â€¯056Â â‚¬Â ,2â€¯112Â â‚¬,appartement,Belgique,Jurbise,Un studio tout confort au calme,"4,93 Â·",4 voyageurs, Â· Studio, Â· 2 lits, Â· 1Â salle de bain,31/07/2024,31/08/2024
815Â â‚¬Â ,905Â â‚¬,Chambre,Belgique,LiÃ¨ge,Studio des Hauteurs,"5,0 Â·",1 lit simple, Â· Salle de bain privÃ©e attenante,SuperhÃ´te, Â· HÃ´te depuis 4Â ans,31/07/2024,31/08/2024
815Â â‚¬Â ,905Â â‚¬,Chambre,Belgique,LiÃ¨ge,Studio des Hauteurs,"5,0 Â·",1 lit simple, Â· Salle de bain privÃ©e attenante,SuperhÃ´te, Â· HÃ´te depuis 4Â ans,31/07/2024,31/08/2024
1â€¯387Â â‚¬Â ,2â€¯201Â â‚¬,appartement,Belgique,Berlaar,Bel appartement dans le quartier de Lier,"5,0 Â·",3 voyageurs, Â· 2 chambres, Â· 2 lits, Â· 1Â salle de bain,31/07/2024,31/08/2024
1â€¯347Â â‚¬Â ,3â€¯367Â â‚¬,appartement,Belgique,Anvers,Studio dans le centre historique,"4,62 Â·",2 voyageurs, Â· 1 chambre, Â· 1Â salle de bain,HÃ´te depuis 1Â an,31/07/2024,31/08/2024
1â€¯295Â â‚¬Â ,1â€¯850Â â‚¬,appartement,Belgique,Anvers,Appartement branchÃ© au cÅ“ur d'Anvers,"4,66 Â·",3 voyageurs, Â· Studio, Â· 2 lits, Â· 1Â salle de bain,31/07/2024,31/08/2024
1â€¯364Â â‚¬Â ,1â€¯705Â â‚¬,cottage,Belgique,Asse,Chalet confortable dans une ferme rÃ©novÃ©e.,"5,0 Â·",2 voyageurs, Â· 1 chambre, Â· 1Â salle de bain,HÃ´te depuis 3Â ans,31/07/2024,31/08/2024
1â€¯135Â â‚¬Â ,1â€¯830Â â‚¬,loft,Belgique,Louvain,Studio indÃ©pendant calme Ã  Centrel Leuven,"4,80 Â·",2 voyageurs, Â· 1 chambre, Â· 1Â salle de bain,SuperhÃ´te,31/07/2024,31/08/2024
1â€¯364Â â‚¬Â ,2â€¯480Â â‚¬,appartement en rÃ©sidence,Belgique,Oud-Heverlee,"Appartement confortable entre Louvain, forÃªt et Dijle","4,83 Â·",2 voyageurs, Â· 1 chambre, Â· 1Â salle de bain et 1Â toilette,SuperhÃ´te,31/07/2024,31/08/2024
818Â â‚¬Â ,1â€¯023Â â‚¬,Chambre,Belgique,Anvers,Chambre spacieuse Ã  cÃ´tÃ© de la gare centrale d'Anvers,"4,77 Â·",1 lit simple, Â· Salle de bain partagÃ©e,SuperhÃ´te, Â· HÃ´te depuis 5Â ans,31/07/2024,31/08/2024
1â€¯242Â â‚¬Â ,2â€¯070Â â‚¬,appartement,Belgique,LiÃ¨ge,Appartement 2P aux portes de LiÃ¨ge + parking,"4,88 Â·",2 voyageurs, Â· 1 chambre, Â· 2 lits, Â· 1Â salle de bain,31/07/2024,31/08/2024
1â€¯519Â â‚¬Â ,2â€¯170Â â‚¬,appartement,Belgique,Woluwe-Saint-Lambert,Cosy studio,"5,0 Â·",2 voyageurs, Â· Studio, Â· 1 lit, Â· 1Â salle de bain,31/07/2024,31/08/2024
907Â â‚¬Â ,1â€¯295Â â‚¬,appartement,Belgique,Anvers,Superbe studio dans la zone verte d'Anvers,"4,30 Â·",2 voyageurs, Â· 1 chambre, Â· 1Â salle de bain,HÃ´te depuis 2Â ans,31/07/2024,31/08/2024
1â€¯228Â â‚¬Â ,1â€¯364Â â‚¬,appartement en rÃ©sidence,Belgique,LiÃ¨ge,Bel appartement lumineux,"4,80 Â·",1 voyageur, Â· 1 chambre, Â· 1 lit, Â· 1Â salle de bain,31/07/2024,31/08/2024
1â€¯411Â â‚¬Â ,2â€¯015Â â‚¬,appartement,Belgique,Sint-Jans-Molenbeek,AgrÃ©able appartement avec balcon et jardin,"4,52 Â·",3 voyageurs, Â· 1 chambre, Â· 3 lits, Â· 1Â salle de bain,31/07/2024,31/08/2024
825Â â‚¬Â ,1â€¯178Â â‚¬,appartement,Belgique,LiÃ¨ge,Studio de charme trÃ¨s bien situÃ©,"4,50 Â·",2 voyageurs, Â· 1 chambre, Â· 1 lit, Â· 1Â salle de bain,31/07/2024,31/08/2024
1â€¯121Â â‚¬Â ,1â€¯246Â â‚¬,appartement en rÃ©sidence,Belgique,Merchtem,Cosi dak appartement,"4,54 Â·",3 voyageurs, Â· Studio, Â· 3 lits, Â· 1Â salle de bain,31/07/2024,31/08/2024
1â€¯569Â â‚¬Â ,1â€¯910Â â‚¬,appartement,Belgique,Merelbeke,Petit appartement confortable,"4,91 Â·",2 voyageurs, Â· 1 chambre, Â· 1 lit, Â· 1Â salle de bain et 1Â toilette,31/07/2024,31/08/2024
868Â â‚¬Â ,2â€¯480Â â‚¬,loft,Belgique,Durbuy,Le chant de l'eau : Aisne,"4,24 Â·",2 voyageurs, Â· Studio, Â· 2 lits, Â· 1Â salle de bain,31/07/2024,31/08/2024
977Â â‚¬Â ,1â€¯396Â â‚¬,appartement,Belgique,LiÃ¨ge,Charmant petit appartement idÃ©alement situÃ©,"4,73 Â·",2 voyageurs, Â· 1 chambre, Â· 1 lit, Â· 1Â salle de bain,31/07/2024,31/08/2024
987Â â‚¬Â ,1â€¯795Â â‚¬,appartement,Belgique,Namur,Loft rÃ©novÃ© 1 Ã  2 personnes.,"4,23 Â·",2 voyageurs, Â· 1 chambre, Â· 3 lits, Â· 1Â salle de bain,31/07/2024,31/08/2024
1â€¯438Â â‚¬Â ,1â€¯917Â â‚¬,appartement,Belgique,Etterbeek,Appartement de charme de style des annÃ©es 40,"4,67 Â·",2 voyageurs, Â· 1 chambre, Â· 1 lit, Â· 1Â salle de bain,31/07/2024,31/08/2024
1â€¯310Â â‚¬Â ,2â€¯015Â â‚¬,appartement,Belgique,Schoten,"Studio lumineux et Ã©lÃ©gant Ã  Anvers, Schoten","4,77 Â·",2 voyageurs, Â· 1 chambre, Â· 2 lits, Â· 1Â salle de bain et 1Â toilette,31/07/2024,31/08/2024
1â€¯415Â â‚¬Â ,1â€¯880Â â‚¬,appartement,Belgique,Schaerbeek,The Cherry - Appart. proche de l'UE et du Centre.,"4,44 Â·",2 voyageurs, Â· 1 chambre, Â· 2 lits, Â· 1Â salle de bain,31/07/2024,31/08/2024
977Â â‚¬Â ,1â€¯302Â â‚¬,appartement,Belgique,La LouviÃ¨re,Le LaetareðŸŽ­,"4,55 Â·",2 voyageurs, Â· 1 chambre, Â· 1 lit, Â· 1Â salle de bain,31/07/2024,31/08/2024
1â€¯240Â â‚¬Â ,2â€¯480Â â‚¬,appartement,Belgique,Anvers,"Number22Antwerp, Relax&trendy flat","4,43 Â·",2 voyageurs, Â· 1 chambre, Â· 1Â salle de bain,HÃ´te depuis 11Â ans,31/07/2024,31/08/2024
1â€¯023Â â‚¬Â ,1â€¯461Â â‚¬,appartement en rÃ©sidence,Belgique,Boussu,(110-4) Studio deux personnes,"4,76 Â·",2 voyageurs, Â· Studio, Â· 1 lit, Â· 1Â salle de bain,31/07/2024,31/08/2024
1â€¯308Â â‚¬Â ,1â€¯869Â â‚¬,suite,Belgique,Seneffe,Ravissante suite avec entrÃ©e privative et terrasse,"5,0 Â·",2 voyageurs, Â· 1 chambre, Â· 1 lit, Â· 1Â salle de bain,31/07/2024,31/08/2024
988Â â‚¬Â ,1â€¯829Â â‚¬,Chambre,Belgique,Sint-Agatha-Berchem,chambre et salle de bain privÃ©es (Ã©tage complet),"4,92 Â·",1 lit double, Â· Salle de bain privÃ©e attenante,SuperhÃ´te, Â· HÃ´te depuis 5Â ans,31/07/2024,31/08/2024
863Â â‚¬Â ,1â€¯488Â â‚¬,Chambre,Belgique,Louvain,Chambre spacieuse dans une maison de charme,"4,96 Â·",1 lit double, Â· Salle de bain partagÃ©e,SuperhÃ´te, Â· HÃ´te depuis 9Â ans,31/07/2024,31/08/2024
1â€¯502Â â‚¬Â ,2â€¯945Â â‚¬,appartement,Belgique,Anvers,Appartement RÃ©novÃ©,"4,94 Â·",2 voyageurs, Â· 1 chambre, Â· 1 lit, Â· 1Â salle de bain et 1Â toilette,31/07/2024,31/08/2024
1â€¯014Â â‚¬Â ,1â€¯448Â â‚¬,appartement,Belgique,Boussu,(110-2) studio deux personnes,"4,60 Â·",2 voyageurs, Â· Studio, Â· 1 lit, Â· 1Â salle de bain,31/07/2024,31/08/2024
1â€¯495Â â‚¬Â ,2â€¯990Â â‚¬,appartement,Belgique,Ixelles,"Beau Studio Cosy avec Cour - Ixelles, Flagey","4,93 Â·",2 voyageurs, Â· 1 chambre, Â· 1Â salle de bain,HÃ´te depuis 6Â ans,31/07/2024,31/08/2024
781Â â‚¬Â ,1â€¯085Â â‚¬,Chambre,Belgique,Jemeppe-sur-Sambre,Chambre Cocoon dans 1 cadre ressourÃ§ant et joyeux.,"4,94 Â·",1 lit simple, Â· Salle de bain partagÃ©e,SuperhÃ´te, Â· HÃ´te depuis 3Â ans,31/07/2024,31/08/2024
2â€¯356Â â‚¬Â ,2â€¯945Â â‚¬,appartement,Belgique,Jette,Bel appartement Bruxelles terrasse vue sur Atomium,"5,0 Â·",3 voyageurs, Â· 1 chambre, Â· 2 lits, Â· 1Â salle de bain,31/07/2024,31/08/2024
1â€¯818Â â‚¬Â ,2â€¯139Â â‚¬,appartement,Belgique,Gand,Appartement confortable en plein centre ville,"5,0 Â·",2 voyageurs, Â· 1 chambre, Â· 1 lit, Â· 1Â salle de bain,31/07/2024,31/08/2024
773Â â‚¬Â ,1â€¯431Â â‚¬,Chambre,Belgique,LiÃ¨ge,Chambre lumineuse dans appart partagÃ© et central,"5,0 Â·",1 lit, Â· Salle de bain partagÃ©e,SuperhÃ´te, Â· HÃ´te depuis 7Â ans,31/07/2024,31/08/2024
1â€¯645Â â‚¬Â ,3â€¯575Â â‚¬,appartement,Belgique,Kraainem,Cozy 1 bedroom appartement near facilities,"4,92 Â·",2 voyageurs, Â· 1 chambre, Â· 1 lit, Â· 1Â salle de bain,31/07/2024,31/08/2024
1â€¯202Â â‚¬Â ,1â€¯849Â â‚¬,Chambre,Belgique,Gand,"Chambre Ã  Nice appt 15min Ã  pied du centre, vÃ©los gratuits","4,79 Â·",1 lit double, Â· Salle de bain partagÃ©e,SuperhÃ´te, Â· HÃ´te depuis 10Â ans,31/07/2024,31/08/2024
643Â â‚¬Â ,714Â â‚¬,Chambre,Belgique,Charleroi,Greenroom,"4,90 Â·",3 chambres, Â· 3 lits, Â· Salle de bain partagÃ©e,SuperhÃ´te,31/07/2024,31/08/2024
1â€¯116Â â‚¬Â ,1â€¯488Â â‚¬,appartement,Belgique,La LouviÃ¨re,La LouviÃ¨re - Studio 1 personne ou 1 couple.,"4,90 Â·",1 voyageur, Â· 1 chambre, Â· 1 lit, Â· 1Â salle de bain,31/07/2024,31/08/2024
1â€¯986Â â‚¬Â ,2â€¯759Â â‚¬,appartement,Belgique,Anvers,Magnifique appartement ensoleillÃ© au centre d'Anvers,"4,89 Â·",2 voyageurs, Â· 1 chambre, Â· 1 lit, Â· 1Â salle de bain et 1Â toilette,31/07/2024,31/08/2024
1â€¯375Â â‚¬Â ,2â€¯697Â â‚¬,appartement,Belgique,Incourt,Magnifique Studio full Ã©quipÃ©,"5,0 Â·",2 voyageurs, Â· 1 chambre, Â· 1 lit, Â· 1Â salle de bain,31/07/2024,31/08/2024
1â€¯621Â â‚¬Â ,1â€¯907Â â‚¬,appartement,Belgique,Anvers,Studio de luxe avec une expÃ©rience vivante,"4,82 Â·",2 voyageurs, Â· 1 chambre, Â· 1Â salle de bain,SuperhÃ´te,31/07/2024,31/08/2024
1â€¯621Â â‚¬Â ,1â€¯907Â â‚¬,appartement,Belgique,Anvers,Studio de luxe avec une expÃ©rience vivante,"4,82 Â·",2 voyageurs, Â· 1 chambre, Â· 1Â salle de bain,SuperhÃ´te,31/07/2024,31/08/2024
1â€¯559Â â‚¬Â ,3â€¯465Â â‚¬,hÃ©bergement,Belgique,Hooglede,Maison spacieuse centrale,"4,82 Â·",4 voyageurs, Â· 2 chambres, Â· 3 lits, Â· 1Â salle de bain et 1Â toilette,31/07/2024,31/08/2024
904Â â‚¬Â ,1â€¯506Â â‚¬,Chambre,Belgique,Boussu,AgrÃ©able studio entiÃ¨rement neuf. 2,"4,79 Â·",1 chambre, Â· Salle de bain privÃ©e,SuperhÃ´te, Â· HÃ´te depuis 4Â ans,31/07/2024,31/08/2024
699Â â‚¬Â ,1â€¯069Â â‚¬,hÃ©bergement,Belgique,Comines-Warneton,Maison Ã  Warneton 20 km de Lille,"5,0 Â·",6 voyageurs, Â· 1 chambre, Â· 1 lit, Â· 1Â salle de bain,31/07/2024,31/08/2024
2â€¯083Â â‚¬Â ,3â€¯255Â â‚¬,hÃ©bergement,Belgique,Faimes,IDILIK*Maison de vacance Ã  la ferme,"5,0 Â·",4 voyageurs, Â· 2 chambres, Â· 2 lits, Â· 1Â salle de bain,31/07/2024,31/08/2024
807Â â‚¬Â ,1â€¯613Â â‚¬,appartement,Belgique,Vaux-sur-SÃ»re,Au sapin vert,"4,79 Â·",2 voyageurs, Â· 1 chambre, Â· 3 lits, Â· 1Â salle de bain,31/07/2024,31/08/2024
1â€¯438Â â‚¬Â ,2â€¯481Â â‚¬,appartement en rÃ©sidence,Belgique,Nivelles,Appartement du centenaire,"4,94 Â·",2 voyageurs, Â· 1 chambre, Â· 1Â salle de bain et 1Â toilette,SuperhÃ´te,31/07/2024,31/08/2024
896Â â‚¬Â ,2â€¯635Â â‚¬,Chambre,Belgique,Tervuren,Torii - Chambre 02,"5,0 Â·",1 chambre, Â· Salle de bain partagÃ©e,SuperhÃ´te, Â· 6Â mois d'expÃ©rience en tant qu'hÃ´te,31/07/2024,31/08/2024
1â€¯445Â â‚¬Â ,1â€¯700Â â‚¬,rÃ©sidence de tourisme,Belgique,Rixensart,Studio avec chambre sÃ©parÃ©e,"4,73 Â·",2 voyageurs, Â· 1 chambre, Â· 1Â salle de bain,HÃ´te depuis 2Â ans,31/07/2024,31/08/2024
1â€¯167Â â‚¬Â ,1â€¯795Â â‚¬,maison de ville,Belgique,Waremme,Maison chaleureuse et cosy courts/longs sÃ©jours,"4,80 Â·",2 voyageurs, Â· 1 chambre, Â· 1 lit, Â· 1Â salle de bain,31/07/2024,31/08/2024
1â€¯235Â â‚¬Â ,2â€¯205Â â‚¬,appartement,Belgique,Anvers,Studio haut de gamme situÃ© au centre,"4,60 Â·",2 voyageurs, Â· 1 chambre, Â· 1 lit, Â· 1Â salle de bain,31/07/2024,31/08/2024
2â€¯643Â â‚¬Â ,5â€¯182Â â‚¬,villa,Belgique,Olne,"Grey House, une maison de vacances atypique!","4,92 Â·",6 voyageurs, Â· 2 chambres, Â· 4 lits, Â· 2Â salles de bain,31/07/2024,31/08/2024
1â€¯390Â â‚¬Â ,2â€¯139Â â‚¬,maison d'hÃ´tes,Belgique,Bruxelles,Studio comfortable avec place de parking et spa,"4,94 Â·",2 voyageurs, Â· 1 chambre, Â· 1 lit, Â· 1Â salle de bain,31/07/2024,31/08/2024
1â€¯279Â â‚¬Â ,1â€¯705Â â‚¬,maison d'hÃ´tes,Belgique,Lasne,Lasne Appartement Cocooning 50M2 pour 1 personne,"4,82 Â·",1 voyageur, Â· 1 chambre, Â· 1 lit, Â· 1Â salle de bain,31/07/2024,31/08/2024
2â€¯325Â â‚¬Â ,3â€¯875Â â‚¬,maison d'hÃ´tes,Belgique,Wanze,"Le Pouce roux, calme et confort Ã  la campagne.","4,87 Â·",6 voyageurs, Â· 3 chambres, Â· 4 lits, Â· 2Â salles de bain,31/07/2024,31/08/2024
2â€¯172Â â‚¬Â ,3â€¯103Â â‚¬,appartement,Belgique,Anvers,Penthouse panoramique ensoleillÃ© 2 Terrasse + Parking gratuit,"4,59 Â·",4 voyageurs, Â· 2 chambres, Â· 3 lits, Â· 1Â salle de bain et 1Â toilette,31/07/2024,31/08/2024
621Â â‚¬Â ,1â€¯241Â â‚¬,chambre d'hÃ´tes,Belgique,Rixensart,Chambre privÃ©e - Genval,"5,0 Â·",2 voyageurs, Â· 1 chambre, Â· 1Â salle de bain partagÃ©e,HÃ´te depuis 8Â ans,31/07/2024,31/08/2024
1â€¯961Â â‚¬Â ,3â€¯565Â â‚¬,appartement,Belgique,Louvain,appartement Leuven,"5,0 Â·",2 voyageurs, Â· 1 chambre, Â· 1 lit, Â· 1Â salle de bain,31/07/2024,31/08/2024
915Â â‚¬Â ,1â€¯829Â â‚¬,loft,Belgique,Theux,Studio dans les ardennes,"4,86 Â·",2 voyageurs, Â· 1 chambre, Â· 1 lit, Â· 1Â salle de bain,31/07/2024,31/08/2024
2â€¯323Â â‚¬Â ,3â€¯416Â â‚¬,appartement,Belgique,Watermael-Boitsfort,Appartement lumineux avec jardin,"5,0 Â·",2 voyageurs, Â· 1 chambre, Â· 1 lit, Â· 1Â salle de bain,31/07/2024,31/08/2024
1â€¯147Â â‚¬Â ,2â€¯294Â â‚¬,appartement,Belgique,LiÃ¨ge,LiÃ¨ge'Studio 50MÂ² avec terrasse,"4,88 Â·",4 voyageurs, Â· 1 chambre, Â· 2 lits, Â· 1Â salle de bain,31/07/2024,31/08/2024
670Â â‚¬Â ,1â€¯116Â â‚¬,Chambre,Belgique,Saint-Ghislain,Chambre du cinÃ©phile,"4,83 Â·",1 lit double, Â· Salle de bain partagÃ©e,SuperhÃ´te, Â· HÃ´te depuis 3Â ans,31/07/2024,31/08/2024
1â€¯008Â â‚¬Â ,2â€¯015Â â‚¬,appartement,Belgique,Aywaille,Escale 1 - Studio (1-2 personnes),"4,87 Â·",2 voyageurs, Â· 1 chambre, Â· 1 lit, Â· 1Â salle de bain,31/07/2024,31/08/2024
961Â â‚¬Â ,1â€¯550Â â‚¬,Chambre,Belgique,Soumagne,La chambre de Sitelle,"4,92 Â·",1 lit double, Â· Salle de bain partagÃ©e,SuperhÃ´te, Â· HÃ´te depuis 6Â ans,31/07/2024,31/08/2024
977Â â‚¬Â ,1â€¯396Â â‚¬,appartement,Belgique,Mons,Studio cosy idÃ©alement situÃ©,"4,44 Â·",2 voyageurs, Â· Studio, Â· 1 lit, Â· 1Â salle de bain,31/07/2024,31/08/2024
961Â â‚¬Â ,1â€¯550Â â‚¬,Chambre,Belgique,Soumagne,La chambre de Sitelle,"4,92 Â·",1 lit double, Â· Salle de bain partagÃ©e,SuperhÃ´te, Â· HÃ´te depuis 6Â ans,31/07/2024,31/08/2024
921Â â‚¬Â ,1â€¯023Â â‚¬,Chambre,Belgique,Anvers,Grande chambre meublÃ©e prÃ¨s de la gare d'Anvers,"4,78 Â·",1 lit queen size, Â· Salle de bain partagÃ©e,SuperhÃ´te, Â· HÃ´te depuis 5Â ans,31/07/2024,31/08/2024
1â€¯317Â â‚¬Â ,2â€¯026Â â‚¬,appartement,Belgique,Chaumont-Gistoux,"Lumineux studio au calme, proche de LLN et Wavre","4,91 Â·",2 voyageurs, Â· Studio, Â· 1Â salle de bain,SuperhÃ´te,31/07/2024,31/08/2024
1â€¯302Â â‚¬Â ,1â€¯860Â â‚¬,hÃ©bergement,Belgique,Lasne,Petite maison indÃ©pendante dans notre jardin,"4,86 Â·",3 voyageurs, Â· 1 chambre, Â· 1 lit, Â· 1Â salle de bain,31/07/2024,31/08/2024
868Â â‚¬Â ,1â€¯240Â â‚¬,appartement,Belgique,Courcelles,studio Brussels South Charleroi Airport,"4,80 Â·",1 voyageur, Â· 1 chambre, Â· 1 lit, Â· 1Â salle de bain,31/07/2024,31/08/2024
2â€¯344Â â‚¬Â ,5â€¯580Â â‚¬,hÃ©bergement,Belgique,Gand,Attic 126 Loft de luxe pour 2 personnes,"5,0 Â·",2 voyageurs, Â· 1 chambre, Â· 1Â salle de bain,10Â mois d'expÃ©rience en tant qu'hÃ´te,31/07/2024,31/08/2024
2â€¯240Â â‚¬Â ,2â€¯635Â â‚¬,appartement,Belgique,Schaerbeek,Appartement rÃ©cemment rÃ©novÃ© avec terrasse.,"4,98 Â·",2 voyageurs, Â· 1 chambre, Â· 1 lit, Â· 1Â salle de bain,31/07/2024,31/08/2024
1â€¯614Â â‚¬Â ,2â€¯604Â â‚¬,appartement,Belgique,Profondeville,Appartement lumineux 60 mÂ²,"4,97 Â·",4 voyageurs, Â· 1 chambre, Â· 2 lits, Â· 1Â salle de bain,31/07/2024,31/08/2024
694Â â‚¬Â ,992Â â‚¬,Chambre,Belgique,Tienen,Stage gilet Tiense/chambre Ã©tudiante.,"4,67 Â·",1 lit simple, Â· Salle de bain partagÃ©e,SuperhÃ´te, Â· HÃ´te depuis 9Â ans,31/07/2024,31/08/2024
1â€¯922Â â‚¬Â ,2â€¯746Â â‚¬,suite,Belgique,Celles,Marie Bonheur,"5,0 Â·",2 voyageurs, Â· 1 chambre, Â· 1Â salle de bain,SuperhÃ´te,31/07/2024,31/08/2024
944Â â‚¬Â ,1â€¯259Â â‚¬,Chambre,Belgique,Zottegem,Chambre privÃ©e confortable dans les Ardennes flamandes,"4,87 Â·",1 chambre, Â· Salle de bain partagÃ©e,SuperhÃ´te, Â· HÃ´te depuis 2Â ans,31/07/2024,31/08/2024
1â€¯953Â â‚¬Â ,2â€¯790Â â‚¬,suite,Belgique,Tervuren,La colline,"4,97 Â·",2 voyageurs, Â· 1 chambre, Â· 1Â salle de bain,SuperhÃ´te,31/07/2024,31/08/2024
1â€¯953Â â‚¬Â ,2â€¯790Â â‚¬,suite,Belgique,Tervuren,La colline,"4,97 Â·",2 voyageurs, Â· 1 chambre, Â· 1Â salle de bain,SuperhÃ´te,31/07/2024,31/08/2024
1â€¯304Â â‚¬Â ,1â€¯976Â â‚¬,appartement,Belgique,LiÃ¨ge,Le jardin de l'UniversitÃ©,"4,58 Â·",2 voyageurs, Â· 1 chambre, Â· 1 lit, Â· 1Â salle de bain,31/07/2024,31/08/2024
1â€¯191Â â‚¬Â ,2â€¯126Â â‚¬,appartement,Belgique,Anvers,"Nouveau studio, centre d'Anvers, trÃ¨s bon emplacement","4,57 Â·",2 voyageurs, Â· Studio, Â· 2 lits, Â· 1Â salle de bain,31/07/2024,31/08/2024
1â€¯302Â â‚¬Â ,1â€¯736Â â‚¬,maison d'hÃ´tes,Belgique,Mol,'t klein huysje,"4,80 Â·",2 voyageurs, Â· 1 chambre, Â· 1Â salle de bain,HÃ´te depuis 1Â an,31/07/2024,31/08/2024
1â€¯343Â â‚¬Â ,2â€¯066Â â‚¬,appartement,Belgique,Mons,Appartement de 1 chambre dans le centre,"4,88 Â·",2 voyageurs, Â· 1 chambre, Â· 1 lit, Â· 1Â salle de bain,31/07/2024,31/08/2024
1â€¯841Â â‚¬Â ,3â€¯410Â â‚¬,hÃ©bergement,Belgique,Ã‰rezÃ©e,Plus belle la vue,"4,93 Â·",2 voyageurs, Â· 1 chambre, Â· 1 lit, Â· 1Â salle de bain,31/07/2024,31/08/2024
1â€¯194Â â‚¬Â ,1â€¯705Â â‚¬,appartement,Belgique,Mons,Joli studio sur la Grand-Place,"4,77 Â·",2 voyageurs, Â· 1 chambre, Â· 2 lits, Â· 1Â salle de bain et 1Â toilette,31/07/2024,31/08/2024
1â€¯898Â â‚¬Â ,2â€¯711Â â‚¬,maison de ville,Belgique,Mechelen,Charmante maison d'hÃ´tes prÃ¨s de Mechelen,"4,85 Â·",4 voyageurs, Â· 2 chambres, Â· 3 lits, Â· 1Â salle de bain,31/07/2024,31/08/2024
812Â â‚¬Â ,1â€¯804Â â‚¬,Yourte,Belgique,Zwalm,Joert dans un verger de pommiers,"4,82 Â·",2 voyageurs, Â· 1 chambre, Â· 1 lit, Â· Demi-salle de bain,31/07/2024,31/08/2024
938Â â‚¬Â ,1â€¯705Â â‚¬,Chambre,Belgique,Genk,"Tout le mien, au pied des tours de la mine","4,89 Â·",1 lit double, Â· Salle de bain partagÃ©e,SuperhÃ´te, Â· HÃ´te depuis 5Â ans,31/07/2024,31/08/2024
1â€¯860Â â‚¬Â ,2â€¯415Â â‚¬,appartement,Belgique,Etterbeek,Lumineux appartement avec Terrasse - Quartier EU,"5,0 Â·",2 voyageurs, Â· 1 chambre, Â· 1 lit, Â· 1Â salle de bain et 1Â toilette,31/07/2024,31/08/2024
1â€¯814Â â‚¬Â ,2â€¯015Â â‚¬,loft,Belgique,Gand,Loft,"4,64 Â·",2 voyageurs, Â· 1 chambre, Â· 1 lit, Â· 1Â salle de bain,31/07/2024,31/08/2024
1â€¯220Â â‚¬Â ,1â€¯355Â â‚¬,Chambre,Belgique,Geraardsbergen,"Studio/Chambre ""Al de Pirre"" avec salle de bain.","4,85 Â·",2 lits simples, Â· Salle de bain privÃ©e attenante,SuperhÃ´te, Â· HÃ´te depuis 5Â ans,31/07/2024,31/08/2024
1â€¯984Â â‚¬Â ,2â€¯480Â â‚¬,Logement entier,Belgique,Westerlo,Chalet avec 4 chambres et grande terrasse.,"4,91 Â·",6 voyageurs, Â· 4 chambres, Â· 6 lits, Â· 1Â salle de bain et 1Â toilette,31/07/2024,31/08/2024
1â€¯618Â â‚¬Â ,2â€¯697Â â‚¬,appartement,Belgique,Auderghem,Apt avec jardin Ã  2 pas du mÃ©tro,"5,0 Â·",2 voyageurs, Â· 1 chambre, Â· 1 lit, Â· 1Â salle de bain,31/07/2024,31/08/2024
1â€¯592Â â‚¬Â ,2â€¯449Â â‚¬,appartement,Belgique,Saint-Ghislain,Duplex â€¢ 20 min Pairi Daiza â€¢ Cosy â€¢ Centre ville,"5,0 Â·",2 voyageurs, Â· 1 chambre, Â· 1 lit, Â· 1Â salle de bain,31/07/2024,31/08/2024
1â€¯302Â â‚¬Â ,3â€¯720Â â‚¬,Bateau,Belgique,Gand,SÃ©jour cÃ´tÃ© eau dans une cabane art dÃ©co,"4,64 Â·",2 voyageurs, Â· 1 chambre, Â· 1 lit, Â· 1Â salle de bain,31/07/2024,31/08/2024
973Â â‚¬Â ,1â€¯431Â â‚¬,Chambre,Belgique,FlÃ©ron,Chambre privÃ©e dans une maison agrÃ©able et calme,"4,82 Â·",1 lit double, Â· Salle de bain privÃ©e attenante,SuperhÃ´te, Â· HÃ´te depuis 4Â ans,31/07/2024,31/08/2024
1â€¯535Â â‚¬Â ,2â€¯325Â â‚¬,appartement,Belgique,Elsene,Bel appartement Ã  Ixelles,"4,79 Â·",4 voyageurs, Â· 1 chambre, Â· 1 lit, Â· 1Â salle de bain,31/07/2024,31/08/2024
1â€¯730Â â‚¬Â ,3â€¯146Â â‚¬,appartement en rÃ©sidence,Belgique,Anvers,"Studio lumineux, cosy et charmant","4,87 Â·",2 voyageurs, Â· 1 chambre, Â· 1 lit, Â· 1Â salle de bain,31/07/2024,31/08/2024
744Â â‚¬Â ,1â€¯240Â â‚¬,Chambre,Belgique,Sambreville,Chambre de la vallÃ©e. (AÃ©roport Charleroi),"4,69 Â·",1 lit double, Â· Salle de bain partagÃ©e,SuperhÃ´te, Â· HÃ´te depuis 5Â ans,31/07/2024,31/08/2024
1â€¯661Â â‚¬Â ,3â€¯390Â â‚¬,appartement,Belgique,Anvers,Appartement lumineux dans le quartier branchÃ© d'Anvers,"4,58 Â·",4 voyageurs, Â· 1 chambre, Â· 2 lits, Â· 1Â salle de bain,31/07/2024,31/08/2024
1â€¯005Â â‚¬Â ,1â€¯387Â â‚¬,appartement,Belgique,Saint-Gilles,"Studio tout compris neuf, bien situÃ© Ã  St-Gilles","4,67 Â·",1 voyageur, Â· Studio, Â· 2 lits, Â· 1Â salle de bain et 1Â toilette,31/07/2024,31/08/2024
1â€¯065Â â‚¬Â ,1â€¯937Â â‚¬,maison d'hÃ´tes,Belgique,Sprimont,Le four Ã  pain,"4,88 Â·",2 voyageurs, Â· 1 chambre, Â· 1 lit, Â· 1Â salle de bain,31/07/2024,31/08/2024
880Â â‚¬Â ,1â€¯600Â â‚¬,appartement,Belgique,Durbuy,"Le Ludenne, Logement LUdique en ArdENNE","4,55 Â·",4 voyageurs, Â· 1 chambre, Â· 1 lit, Â· 1Â salle de bain,31/07/2024,31/08/2024
1â€¯295Â â‚¬Â ,1â€¯992Â â‚¬,maison de ville,Belgique,Wavre,Flat cosy dans le centre de Wavre,"4,74 Â·",4 voyageurs, Â· 1 chambre, Â· 2 lits, Â· 1Â salle de bain,31/07/2024,31/08/2024
716Â â‚¬Â ,1â€¯023Â â‚¬,Chambre,Belgique,RosiÃ¨res,"Magnifique vue, parking privÃ©.","4,79 Â·",1 lit queen size, Â· Salle de bain partagÃ©e,SuperhÃ´te, Â· HÃ´te depuis 8Â ans,31/07/2024,31/08/2024
992Â â‚¬Â ,1â€¯984Â â‚¬,appartement,Belgique,LiÃ¨ge,Chambre cosy avec baignoire comme au chÃ¢teau,"4,72 Â·",2 voyageurs, Â· 1 chambre, Â· 1 lit, Â· 1Â salle de bain,31/07/2024,31/08/2024
4â€¯030Â â‚¬Â ,6â€¯200Â â‚¬,appartement en rÃ©sidence,Belgique,Auderghem,Luxueux et Confortable Penthouse face aux ChÃ¢teaux,"4,97 Â·",4 voyageurs, Â· 2 chambres, Â· 2 lits, Â· 1Â salle de bain et 1Â toilette,31/07/2024,31/08/2024
1â€¯299Â â‚¬Â ,1â€¯999Â â‚¬,appartement en rÃ©sidence,Belgique,Wavre,Flat lumineux et chaleureux centre de Wavre,"4,76 Â·",4 voyageurs, Â· 1 chambre, Â· 2 lits, Â· 1Â salle de bain,31/07/2024,31/08/2024
1â€¯039Â â‚¬Â ,2â€¯077Â â‚¬,Chambre,Belgique,Louvain,"VITALE, chambre indÃ©pendante, Ã  proximitÃ© de la mairie","4,84 Â·",1 lit double, Â· Salle de bain partagÃ©e,SuperhÃ´te, Â· HÃ´te depuis 7Â ans,31/07/2024,31/08/2024
1â€¯135Â â‚¬Â ,1â€¯891Â â‚¬,Chambre,Belgique,Saint-Gilles,Chambre privÃ© dans le quartier prisÃ© de bruxelles,"4,91 Â·",1 chambre, Â· Salle de bain privÃ©e attenante,SuperhÃ´te, Â· HÃ´te depuis 5Â ans,31/07/2024,31/08/2024
1â€¯395Â â‚¬Â ,2â€¯325Â â‚¬,hÃ©bergement,Belgique,Herve,En toute simplicitÃ© au coeur du pays de Herve,"4,95 Â·",4 voyageurs, Â· 1 chambre, Â· 1 lit, Â· 1Â salle de bain,31/07/2024,31/08/2024
2â€¯431Â â‚¬Â ,3â€¯985Â â‚¬,appartement en rÃ©sidence,Belgique,Anvers,Appartement luxueux et confortable en plein centre-ville,"5,0 Â·",2 voyageurs, Â· 1 chambre, Â· 1 lit, Â· 1Â salle de bain et 1Â toilette,31/07/2024,31/08/2024
1â€¯209Â â‚¬Â ,2â€¯015Â â‚¬,appartement,Belgique,Roosdaal,Petit appartement rÃ©novÃ© (indÃ©pendant) dans ma maison,"4,83 Â·",2 voyageurs, Â· Studio, Â· 1Â salle de bain,HÃ´te depuis 5Â ans,31/07/2024,31/08/2024
1â€¯411Â â‚¬Â ,2â€¯170Â â‚¬,appartement,Belgique,Ixelles,Studio confortable prÃ¨s du centre et de l'ULB,"4,80 Â·",2 voyageurs, Â· 1 chambre, Â· 1 lit, Â· 1Â salle de bain,31/07/2024,31/08/2024
638Â â‚¬Â ,1â€¯275Â â‚¬,Chambre,Belgique,Gembloux,Gembloux: Chambre Ã  proximitÃ© de la gare,"4,86 Â·",1 lit simple, Â· Salle de bain partagÃ©e,SuperhÃ´te, Â· HÃ´te depuis 4Â ans,31/07/2024,31/08/2024
2â€¯108Â â‚¬Â ,2â€¯480Â â‚¬,appartement,Belgique,Uccle,Appartement lumineux et cosy de Brugmann,"4,91 Â·",2 voyageurs, Â· 1 chambre, Â· 1Â salle de bain,HÃ´te depuis 3Â ans,31/07/2024,31/08/2024
883Â â‚¬Â ,1â€¯209Â â‚¬,Chambre,Belgique,Zottegem,Chambre privÃ©e conviviale,"4,92 Â·",1 lit, Â· Salle de bain partagÃ©e,SuperhÃ´te, Â· HÃ´te depuis 2Â ans,31/07/2024,31/08/2024
1â€¯845Â â‚¬Â ,2â€¯635Â â‚¬,hÃ©bergement,Belgique,Momignies,Maison,"4,91 Â·",2 voyageurs, Â· 1 chambre, Â· 1 lit, Â· 1Â salle de bain,31/07/2024,31/08/2024
2â€¯089Â â‚¬Â ,4â€¯178Â â‚¬,Cabane perchÃ©e,Belgique,Stavelot,Cabane perchÃ©e l'Ã‰cureuil,"5,0 Â·",2 voyageurs, Â· 1 chambre, Â· 1Â salle de bain et 1Â toilette,SuperhÃ´te,31/07/2024,31/08/2024
868Â â‚¬Â ,1â€¯550Â â‚¬,appartement,Belgique,Anvers,Petit studio dans le centre d'Anvers,"4,40 Â·",1 voyageur, Â· Studio, Â· 1 lit, Â· 1Â salle de bain,31/07/2024,31/08/2024
2â€¯893Â â‚¬Â ,5â€¯260Â â‚¬,appartement,Belgique,Oostende,"La mer, la plage, les vues, le confort et le style","5,0 Â·",2 voyageurs, Â· 1 chambre, Â· 1 lit, Â· 1Â salle de bain,31/07/2024,31/08/2024
1â€¯438Â â‚¬Â ,1â€¯798Â â‚¬,appartement en rÃ©sidence,Belgique,Anvers,Appartement en ville d'Anvers (2p),"4,73 Â·",2 voyageurs, Â· 1 chambre, Â· 1 lit, Â· 1Â salle de bain,31/07/2024,31/08/2024
2â€¯034Â â‚¬Â ,2â€¯542Â â‚¬,appartement,Belgique,Namur,Les Balcons Mosans,"4,75 Â·",4 voyageurs, Â· 1 chambre, Â· 1Â salle de bain,Nouvel hÃ´te,31/07/2024,31/08/2024
1â€¯618Â â‚¬Â ,2â€¯697Â â‚¬,appartement en rÃ©sidence,Belgique,Aartselaar,Appartement calme et entiÃ¨rement Ã©quipÃ© et TERRASSE DE 75 M2,"4,77 Â·",2 voyageurs, Â· 1 chambre, Â· 1 lit, Â· 1Â salle de bain et 1Â toilette,31/07/2024,31/08/2024
1â€¯544Â â‚¬Â ,2â€¯573Â â‚¬,appartement,Belgique,Spa,Le 42,"4,91 Â·",4 voyageurs, Â· 1 chambre, Â· 1 lit, Â· 1Â salle de bain,31/07/2024,31/08/2024
2â€¯956Â â‚¬Â ,5â€¯375Â â‚¬,maison d'hÃ´tes,Belgique,Lasne,"Lasne-Ohain, Calme et confort","4,95 Â·",2 voyageurs, Â· 1 chambre, Â· 1 lit, Â· 1Â salle de bain et 1Â toilette,31/07/2024,31/08/2024
2â€¯001Â â‚¬Â ,2â€¯858Â â‚¬,appartement,Belgique,Ixelles,Appartement entiÃ¨rement Ã©quipÃ© 70 m2,"5,0 Â·",4 voyageurs, Â· 1 chambre, Â· 2 lits, Â· 1Â salle de bain,31/07/2024,31/08/2024
570Â â‚¬Â ,950Â â‚¬,Chambre,Belgique,Mons,Maison en colocation proche du centre-ville.,"4,33 Â·",3 chambres, Â· Salle de bain partagÃ©e,SuperhÃ´te, Â· HÃ´te depuis 12Â ans,31/07/2024,31/08/2024
1â€¯497Â â‚¬Â ,2â€¯170Â â‚¬,suite,Belgique,Wezembeek-Oppem,Ravissant studio aux portes de Bruxelles,"4,90 Â·",2 voyageurs, Â· 1 chambre, Â· 1 lit, Â· 1Â salle de bain privÃ©e,31/07/2024,31/08/2024
2â€¯058Â â‚¬Â ,2â€¯480Â â‚¬,appartement en rÃ©sidence,Belgique,Watermaal-Bosvoorde,"Appartement de luxe, parking gratuit","4,84 Â·",4 voyageurs, Â· 1 chambre, Â· 1 lit, Â· 1Â salle de bain et 1Â toilette,31/07/2024,31/08/2024
1â€¯581Â â‚¬Â ,2â€¯635Â â‚¬,bungalow,Belgique,HastiÃ¨re,Laissez-vous enchanter par la vallÃ©e de la Meuse,"4,88 Â·",3 voyageurs, Â· 1 chambre, Â· 2 lits, Â· 1Â salle de bain,31/07/2024,31/08/2024
1â€¯438Â â‚¬Â ,1â€¯798Â â‚¬,appartement,Belgique,Ans,Apparemment style loft,"4,63 Â·",2 voyageurs, Â· 1 chambre, Â· 1 lit, Â· 1Â salle de bain et 1Â toilette,31/07/2024,31/08/2024
1â€¯581Â â‚¬Â ,2â€¯635Â â‚¬,bungalow,Belgique,HastiÃ¨re,Laissez-vous enchanter par la vallÃ©e de la Meuse,"4,88 Â·",3 voyageurs, Â· 1 chambre, Â· 2 lits, Â· 1Â salle de bain,31/07/2024,31/08/2024
1â€¯957Â â‚¬Â ,2â€¯796Â â‚¬,appartement,Belgique,Schaarbeek,"Appartement d'architecte, remis Ã  neuf, 65m2","4,95 Â·",2 voyageurs, Â· 1 chambre, Â· 1 lit, Â· 1Â salle de bain,31/07/2024,31/08/2024
1â€¯438Â â‚¬Â ,1â€¯798Â â‚¬,appartement,Belgique,Ans,Apparemment style loft,"4,63 Â·",2 voyageurs, Â· 1 chambre, Â· 1 lit, Â· 1Â salle de bain et 1Â toilette,31/07/2024,31/08/2024
1â€¯730Â â‚¬Â ,2â€¯582Â â‚¬,appartement en rÃ©sidence,Belgique,Anvers,Dormir dans une ancienne cave Ã  vin design,"4,94 Â·",2 voyageurs, Â· 1 chambre, Â· 1 lit, Â· 1Â salle de bain,31/07/2024,31/08/2024
2â€¯185Â â‚¬Â ,2â€¯571Â â‚¬,appartement,Belgique,Dinant,"Appartement ""Decognac""","4,93 Â·",3 voyageurs, Â· 1 chambre, Â· 2 lits, Â· 1Â salle de bain,31/07/2024,31/08/2024
2â€¯906Â â‚¬Â ,3â€¯875Â â‚¬,hÃ©bergement,Belgique,Tervuren,Maison meublÃ©e 4 chambres avec jardin,"5,0 Â·",4 voyageurs, Â· 4 chambres, Â· 4 lits, Â· 4Â salles de bain,31/07/2024,31/08/2024
1â€¯581Â â‚¬Â ,2â€¯108Â â‚¬,appartement,Belgique,Bruxelles,"STUDIO DANSAERT, Sainte Catherine BRUXELLES","4,20 Â·",2 voyageurs, Â· Studio, Â· 1Â salle de bain,HÃ´te depuis 4Â ans,31/07/2024,31/08/2024
698Â â‚¬Â ,1â€¯485Â â‚¬,Chambre,Belgique,Silly,Le Mont Ã  vignes,"4,95 Â·",3 chambres, Â· 6 lits, Â· Salle de bain partagÃ©e,HÃ´te depuis 7Â ans,31/07/2024,31/08/2024
2â€¯767Â â‚¬Â ,4â€¯339Â â‚¬,appartement,Belgique,Uccle,Chez George - Duplex 2 chambres & terrasse,"5,0 Â·",4 voyageurs, Â· 2 chambres, Â· 3 lits, Â· 1Â salle de bain,31/07/2024,31/08/2024
1â€¯920Â â‚¬Â ,3â€¯840Â â‚¬,appartement,Belgique,Froidchapelle,Ultra confortable et spacieux,"4,81 Â·",4 voyageurs, Â· 2 chambres, Â· 1Â salle de bain,HÃ´te depuis 1Â an,31/07/2024,31/08/2024
1â€¯364Â â‚¬Â ,1â€¯705Â â‚¬,appartement,Belgique,Montigny-le-Tilleul,Appartement confortable au calme,"5,0 Â·",2 voyageurs, Â· 1 chambre, Â· 1 lit, Â· 1Â salle de bain et 1Â toilette,31/07/2024,31/08/2024
2â€¯260Â â‚¬Â ,2â€¯659Â â‚¬,appartement,Belgique,Dinant,"Appartement ""L'Emeraude""","4,93 Â·",4 voyageurs, Â· 1 chambre, Â· 2 lits, Â· 1Â salle de bain,31/07/2024,31/08/2024
